asset,model,n_folds,n_oof,accuracy,f1_macro,f1_downtrend,f1_range,f1_uptrend,elapsed_s
btc,xgboost,16,3200,0.589375,0.4563249754279129,0.531953195319532,0.15087040618955513,0.6861513247746517,6.8
btc,lightgbm,16,3200,0.5778125,0.4418911688379879,0.5102133454380391,0.13409961685823754,0.6813605442176871,12.6
btc,random_forest,16,3200,0.620625,0.4660204275367314,0.551915089986156,0.125,0.7211461926240382,13.6
btc,mlp,16,3200,0.580625,0.4608774989257887,0.5132584269662921,0.1926782273603083,0.6766958424507659,15.3
eth,xgboost,10,2000,0.574,0.49533985462819546,0.5110602593440122,0.3076923076923077,0.6672669968482665,4.0
eth,lightgbm,10,2000,0.5655,0.4752070190934002,0.49259547934528447,0.2616033755274262,0.67142220240749,7.6
eth,random_forest,10,2000,0.586,0.49879453866961015,0.5128205128205128,0.291220556745182,0.6923425464431355,8.2
eth,mlp,10,2000,0.5355,0.4543445346433345,0.4602446483180428,0.2672413793103448,0.6355475763016158,7.1
