{
  "phase": "V5 Phase 2.4 \u2014 Az-feature K-Means k=3",
  "method": "sklearn KMeans, no anchors",
  "feature_subset": [
    "VIX_zscore_long",
    "SP500_log_return_5d"
  ],
  "n_clusters": 3,
  "random_state": 42,
  "cluster_to_regime": {
    "1": "Bull",
    "2": "Neutral",
    "0": "Bear"
  },
  "centroids_original_units": {
    "VIX_zscore_long": {
      "Bull": -0.4771,
      "Neutral": 0.7975,
      "Bear": 1.2958
    },
    "SP500_log_return_5d": {
      "Bull": 0.0031,
      "Neutral": 0.0301,
      "Bear": -0.0342
    }
  },
  "distribution_pct": {
    "pretrain": {
      "Bull": 68.94364119209206,
      "Neutral": 14.989672469755089,
      "Bear": 16.06668633815285
    },
    "btc": {
      "Bull": 75.2076209086468,
      "Neutral": 12.237420615534928,
      "Bear": 12.554958475818271
    },
    "eth": {
      "Bull": 69.91539763113367,
      "Neutral": 15.194585448392555,
      "Bear": 14.890016920473773
    }
  }
}